{"Q_Condenser": 271.64230255975303, "Q_Reboiler": 219.4817085186093, "Composizioni Finali": {"CH4": 0.7358151151668585, "CO2": 0.20531967510768911, "N2": 0.02943260486400969, "O2": 0.029432604861442675}, "Temperature": -50, "Reflux Ratio": 2.54, "Pressione": 5050.0, "Numero di Sradi": 25.0, "Feed Stage": 11, "Distillato": 33.973207978498756, "Comp iniziale": [0.5, 0.46, 0.02, 0.02], "CompBott": {"CH4": 1.3649336295019018e-08, "CO2": 0.9999999863445325, "N2": 3.4407511877448533e-13, "O2": 5.786964619996352e-12}, "Q Comp": 219.4817085186093, "W Comp": 271.64230255975303}
{"Q_Condenser": 269.76508640069943, "Q_Reboiler": 216.70498488085892, "Composizioni Finali": {"CH4": 0.7418977841412634, "CO2": 0.19875039256496768, "N2": 0.029675911648294077, "O2": 0.02967591164547482}, "Temperature": -51, "Reflux Ratio": 2.54, "Pressione": 5050.0, "Numero di Sradi": 25.0, "Feed Stage": 11, "Distillato": 33.69466853265033, "Comp iniziale": [0.5, 0.46, 0.02, 0.02], "CompBott": {"CH4": 1.4614730899709394e-08, "CO2": 0.9999999853787052, "N2": 3.682336700612182e-13, "O2": 6.195553551436523e-12}, "Q Comp": 216.70498488085892, "W Comp": 269.76508640069943}
{"Q_Condenser": 267.84670490075655, "Q_Reboiler": 213.89059422730872, "Composizioni Finali": {"CH4": 0.7478225988117463, "CO2": 0.19235159266609908, "N2": 0.029912904262624048, "O2": 0.029912904259530686}, "Temperature": -52, "Reflux Ratio": 2.54, "Pressione": 5050.0, "Numero di Sradi": 25.0, "Feed Stage": 11, "Distillato": 33.427713926205065, "Comp iniziale": [0.5, 0.46, 0.02, 0.02], "CompBott": {"CH4": 1.56538173334653e-08, "CO2": 0.9999999843391532, "N2": 3.9422069105784023e-13, "O2": 6.635280186392925e-12}, "Q Comp": 213.89059422730872, "W Comp": 267.84670490075655}
{"Q_Condenser": 265.8861166811192, "Q_Reboiler": 211.0445345643444, "Composizioni Finali": {"CH4": 0.753613271422739, "CO2": 0.18609766618653756, "N2": 0.030144531197057862, "O2": 0.03014453119366567}, "Temperature": -53, "Reflux Ratio": 2.54, "Pressione": 5050.0, "Numero di Sradi": 25.0, "Feed Stage": 11, "Distillato": 33.17085941246872, "Comp iniziale": [0.5, 0.46, 0.02, 0.02], "CompBott": {"CH4": 1.6775661863105383e-08, "CO2": 0.9999999832168059, "N2": 4.222595970383004e-13, "O2": 7.109956603454084e-12}, "Q Comp": 211.0445345643444, "W Comp": 265.8861166811192}
{"Q_Condenser": 263.88354420704457, "Q_Reboiler": 208.17492333906225, "Composizioni Finali": {"CH4": 0.7592475657040931, "CO2": 0.18001262829776576, "N2": 0.03036990300092912, "O2": 0.030369902997212025}, "Temperature": -54, "Reflux Ratio": 2.54, "Pressione": 5050.0, "Numero di Sradi": 25.0, "Feed Stage": 11, "Distillato": 32.92470201044675, "Comp iniziale": [0.5, 0.46, 0.02, 0.02], "CompBott": {"CH4": 1.7984738488902035e-08, "CO2": 0.9999999820071876, "N2": 4.524598178877957e-13, "O2": 7.621472562287613e-12}, "Q Comp": 208.17492333906225, "W Comp": 263.88354420704457}
{"Q_Condenser": 261.8173603001477, "Q_Reboiler": 205.25570347898915, "Composizioni Finali": {"CH4": 0.7647266778846037, "CO2": 0.1740951870718612, "N2": 0.03058906752380369, "O2": 0.030589067519731502}, "Temperature": -55, "Reflux Ratio": 2.54, "Pressione": 5050.0, "Numero di Sradi": 25.0, "Feed Stage": 11, "Distillato": 32.68880313572736, "Comp iniziale": [0.5, 0.46, 0.02, 0.02], "CompBott": {"CH4": 1.9297092013809023e-08, "CO2": 0.9999999806942461, "N2": 4.852185829193696e-13, "O2": 8.176608630684997e-12}, "Q Comp": 205.25570347898915, "W Comp": 261.8173603001477}
{"Q_Condenser": 259.66663534361606, "Q_Reboiler": 202.2656829621796, "Composizioni Finali": {"CH4": 0.7700520979306539, "CO2": 0.168343733344142, "N2": 0.030802084364833372, "O2": 0.030802084360370845}, "Temperature": -56, "Reflux Ratio": 2.54, "Pressione": 5050.0, "Numero di Sradi": 25.0, "Feed Stage": 11, "Distillato": 32.462738383119245, "Comp iniziale": [0.5, 0.46, 0.02, 0.02], "CompBott": {"CH4": 2.0731581853381584e-08, "CO2": 0.9999999792591139, "N2": 5.21001975682066e-13, "O2": 8.78332521090076e-12}, "Q Comp": 202.2656829621796, "W Comp": 259.66663534361606}
{"Q_Condenser": 257.4045352217728, "Q_Reboiler": 199.1771011002391, "Composizioni Finali": {"CH4": 0.7752257018086954, "CO2": 0.1627562410695004, "N2": 0.031009028563349503, "O2": 0.031009028558454825}, "Temperature": -57, "Reflux Ratio": 2.54, "Pressione": 5050.0, "Numero di Sradi": 25.0, "Feed Stage": 11, "Distillato": 32.24609259676636, "Comp iniziale": [0.5, 0.46, 0.02, 0.02], "CompBott": {"CH4": 2.2313964120716054e-08, "CO2": 0.9999999776760231, "N2": 5.604465889797708e-13, "O2": 9.45249481261854e-12}, "Q Comp": 199.1771011002391, "W Comp": 257.4045352217728}
{"Q_Condenser": 254.96600871241077, "Q_Reboiler": 195.94504390934367, "Composizioni Finali": {"CH4": 0.7802630503896969, "CO2": 0.15731590450513505, "N2": 0.031210522555273686, "O2": 0.03121052254989432}, "Temperature": -58, "Reflux Ratio": 2.54, "Pressione": 5050.0, "Numero di Sradi": 25.0, "Feed Stage": 11, "Distillato": 32.0379130025067, "Comp iniziale": [0.5, 0.46, 0.02, 0.02], "CompBott": {"CH4": 2.4085615464277467e-08, "CO2": 0.9999999759035784, "N2": 6.045766185983142e-13, "O2": 1.0201595242469455e-11}, "Q Comp": 195.94504390934367, "W Comp": 254.96600871241077}
{"Q_Condenser": 252.60890881941611, "Q_Reboiler": 192.85608267839567, "Composizioni Finali": {"CH4": 0.7851397206414861, "CO2": 0.15204910052963008, "N2": 0.03140558941739059, "O2": 0.03140558941149318}, "Temperature": -59, "Reflux Ratio": 2.54, "Pressione": 5050.0, "Numero di Sradi": 25.0, "Feed Stage": 11, "Distillato": 31.838918642742247, "Comp iniziale": [0.5, 0.46, 0.02, 0.02], "CompBott": {"CH4": 2.5956680056038323e-08, "CO2": 0.9999999740316763, "N2": 6.511412921342491e-13, "O2": 1.099237919092798e-11}, "Q Comp": 192.85608267839567, "W Comp": 252.60890881941611}
{"Q_Condenser": 249.82819438918497, "Q_Reboiler": 189.29453598686732, "Composizioni Finali": {"CH4": 0.7898702222155564, "CO2": 0.14694015870611743, "N2": 0.031594809542420665, "O2": 0.0315948095359055}, "Temperature": -60, "Reflux Ratio": 2.54, "Pressione": 5050.0, "Numero di Sradi": 25.0, "Feed Stage": 11, "Distillato": 31.6482365574628, "Comp iniziale": [0.5, 0.46, 0.02, 0.02], "CompBott": {"CH4": 2.8211261894942213e-08, "CO2": 0.9999999717760856, "N2": 7.072095927000496e-13, "O2": 1.1945308256156929e-11}, "Q Comp": 189.29453598686732, "W Comp": 249.82819438918497}
{"Q_Condenser": 246.73649253643748, "Q_Reboiler": 185.428555778672, "Composizioni Finali": {"CH4": 0.7944574879721948, "CO2": 0.14198591154414827, "N2": 0.03177830024544808, "O2": 0.03177830023820879}, "Temperature": -61, "Reflux Ratio": 2.54, "Pressione": 5050.0, "Numero di Sradi": 25.0, "Feed Stage": 11, "Distillato": 31.465496853576703, "Comp iniziale": [0.5, 0.46, 0.02, 0.02], "CompBott": {"CH4": 3.086250077236943e-08, "CO2": 0.9999999691236604, "N2": 7.73083043451724e-13, "O2": 1.306569923898383e-11}, "Q Comp": 185.428555778672, "W Comp": 246.73649253643748}
{"Q_Condenser": 243.10248524576846, "Q_Reboiler": 180.98778670142264, "Composizioni Finali": {"CH4": 0.7989029985310774, "CO2": 0.137184759961277, "N2": 0.03195612075789066, "O2": 0.031956120749754895}, "Temperature": -62, "Reflux Ratio": 2.54, "Pressione": 5050.0, "Numero di Sradi": 25.0, "Feed Stage": 11, "Distillato": 31.290406428214173, "Comp iniziale": [0.5, 0.46, 0.02, 0.02], "CompBott": {"CH4": 3.417324320195367e-08, "CO2": 0.9999999658114367, "N2": 8.552644390229051e-13, "O2": 1.4464662757736655e-11}, "Q Comp": 180.98778670142264, "W Comp": 243.10248524576846}
{"Q_Condenser": 239.02616754439674, "Q_Reboiler": 176.1503652555742, "Composizioni Finali": {"CH4": 0.8032122102114911, "CO2": 0.13253081112721551, "N2": 0.03212848933526252, "O2": 0.032128489326030824}, "Temperature": -63, "Reflux Ratio": 2.54, "Pressione": 5050.0, "Numero di Sradi": 25.0, "Feed Stage": 11, "Distillato": 31.122534145543785, "Comp iniziale": [0.5, 0.46, 0.02, 0.02], "CompBott": {"CH4": 3.8231575928430796e-08, "CO2": 0.9999999617512891, "N2": 9.558909236085384e-13, "O2": 1.6179076162391328e-11},