{"Q_Condenser": 291.66016967543476, "Q_Reboiler": 242.2789670910926, "Composizioni Finali": {"CH4": 0.6973187581496865, "CO2": 0.20505661524344146, "N2": 0.027892750460058378, "O2": 0.06973187614681364}, "Temperature": -50, "Reflux Ratio": 2.54, "Pressione": 5050.0, "Numero di Sradi": 25.0, "Feed Stage": 11, "Distillato": 35.848741694668206, "Comp iniziale": [0.5, 0.43, 0.02, 0.05], "CompBott": {"CH4": 8.498627363161264e-09, "CO2": 0.9999999914921822, "N2": 2.1330965913953578e-13, "O2": 8.977164692045666e-12}, "Q Comp": 242.2789670910926, "W Comp": 291.66016967543476}
{"Q_Condenser": 289.8396871534202, "Q_Reboiler": 239.48733853151208, "Composizioni Finali": {"CH4": 0.7031256626244371, "CO2": 0.19843674409829068, "N2": 0.028125026651690897, "O2": 0.07031256662558129}, "Temperature": -51, "Reflux Ratio": 2.54, "Pressione": 5050.0, "Numero di Sradi": 25.0, "Feed Stage": 11, "Distillato": 35.552677648257394, "Comp iniziale": [0.5, 0.43, 0.02, 0.05], "CompBott": {"CH4": 9.034154073189256e-09, "CO2": 0.9999999909560779, "N2": 2.2663611285421943e-13, "O2": 9.54136388428286e-12}, "Q Comp": 239.48733853151208, "W Comp": 289.8396871534202}
{"Q_Condenser": 288.04611408859716, "Q_Reboiler": 236.75193699680167, "Composizioni Finali": {"CH4": 0.7087756806603475, "CO2": 0.19199572349067648, "N2": 0.02835102738655869, "O2": 0.07087756846241745}, "Temperature": -52, "Reflux Ratio": 2.54, "Pressione": 5050.0, "Numero di Sradi": 25.0, "Feed Stage": 11, "Distillato": 35.269268826215836, "Comp iniziale": [0.5, 0.43, 0.02, 0.05], "CompBott": {"CH4": 9.594342720849367e-09, "CO2": 0.9999999903952853, "N2": 2.4056777942748805e-13, "O2": 1.0131428487674775e-11}, "Q Comp": 236.75193699680167, "W Comp": 288.04611408859716}
{"Q_Condenser": 286.24951256092277, "Q_Reboiler": 234.03420817584336, "Composizioni Finali": {"CH4": 0.7142770433598208, "CO2": 0.1857241699635005, "N2": 0.028571081908860936, "O2": 0.07142770476781779}, "Temperature": -53, "Reflux Ratio": 2.54, "Pressione": 5050.0, "Numero di Sradi": 25.0, "Feed Stage": 11, "Distillato": 34.99762485667539, "Comp iniziale": [0.5, 0.43, 0.02, 0.05], "CompBott": {"CH4": 1.0184099910991128e-08, "CO2": 0.9999999898048925, "N2": 2.5522552851507317e-13, "O2": 1.075252147627334e-11}, "Q Comp": 234.03420817584336, "W Comp": 286.24951256092277}
{"Q_Condenser": 284.4399677987283, "Q_Reboiler": 231.32173187556674, "Composizioni Finali": {"CH4": 0.7196310131527186, "CO2": 0.17962064434646746, "N2": 0.028785240715865048, "O2": 0.07196310178494879}, "Temperature": -54, "Reflux Ratio": 2.54, "Pressione": 5050.0, "Numero di Sradi": 25.0, "Feed Stage": 11, "Distillato": 34.73724664196574, "Comp iniziale": [0.5, 0.43, 0.02, 0.05], "CompBott": {"CH4": 1.0806487647073946e-08, "CO2": 0.9999999891818337, "N2": 2.7068432884136526e-13, "O2": 1.1407856183856421e-11}, "Q Comp": 231.32173187556674, "W Comp": 284.4399677987283}
{"Q_Condenser": 282.6018504676523, "Q_Reboiler": 228.59821646999706, "Composizioni Finali": {"CH4": 0.7248405435565163, "CO2": 0.17368177962930975, "N2": 0.028993621948369516, "O2": 0.07248405486580446}, "Temperature": -55, "Reflux Ratio": 2.54, "Pressione": 5050.0, "Numero di Sradi": 25.0, "Feed Stage": 11, "Distillato": 34.487585172202614, "Comp iniziale": [0.5, 0.43, 0.02, 0.05], "CompBott": {"CH4": 1.1465787804836341e-08, "CO2": 0.9999999885218231, "N2": 2.8704898631548367e-13, "O2": 1.2101919767739422e-11}, "Q Comp": 228.59821646999706, "W Comp": 282.6018504676523}
{"Q_Condenser": 280.72516129378096, "Q_Reboiler": 225.85501116612403, "Composizioni Finali": {"CH4": 0.7299065916059293, "CO2": 0.1679064847921117, "N2": 0.029196263887860684, "O2": 0.07299065971409818}, "Temperature": -56, "Reflux Ratio": 2.54, "Pressione": 5050.0, "Numero di Sradi": 25.0, "Feed Stage": 11, "Distillato": 34.24821786223285, "Comp iniziale": [0.5, 0.43, 0.02, 0.05], "CompBott": {"CH4": 1.2165999783025744e-08, "CO2": 0.9999999878208569, "N2": 3.0441694674682435e-13, "O2": 1.2838891674118607e-11}, "Q Comp": 225.85501116612403, "W Comp": 280.72516129378096}
{"Q_Condenser": 278.7841127024982, "Q_Reboiler": 223.05856027732025, "Composizioni Finali": {"CH4": 0.7348298054699604, "CO2": 0.1622940209215683, "N2": 0.029393192461283517, "O2": 0.0734829811471877}, "Temperature": -57, "Reflux Ratio": 2.54, "Pressione": 5050.0, "Numero di Sradi": 25.0, "Feed Stage": 11, "Distillato": 34.01876157928113, "Comp iniziale": [0.5, 0.43, 0.02, 0.05], "CompBott": {"CH4": 1.2915567814249107e-08, "CO2": 0.9999999870704813, "N2": 3.229956715926297e-13, "O2": 1.3627647673554288e-11}, "Q Comp": 223.05856027732025, "W Comp": 278.7841127024982}
{"Q_Condenser": 276.75976054247514, "Q_Reboiler": 220.19204476761942, "Composizioni Finali": {"CH4": 0.7396125066602869, "CO2": 0.15684174149371083, "N2": 0.029584500529293952, "O2": 0.07396125131670829}, "Temperature": -58, "Reflux Ratio": 2.54, "Pressione": 5050.0, "Numero di Sradi": 25.0, "Feed Stage": 11, "Distillato": 33.798779377864875, "Comp iniziale": [0.5, 0.43, 0.02, 0.05], "CompBott": {"CH4": 1.3722512060576221e-08, "CO2": 0.9999999862626684, "N2": 3.42981181172045e-13, "O2": 1.4476584402227658e-11}, "Q Comp": 220.19204476761942, "W Comp": 276.75976054247514}
{"Q_Condenser": 274.6259207441714, "Q_Reboiler": 217.2282707813966, "Composizioni Finali": {"CH4": 0.7442562320159151, "CO2": 0.15154789451114636, "N2": 0.02977024956571861, "O2": 0.07442562390721986}, "Temperature": -59, "Reflux Ratio": 2.54, "Pressione": 5050.0, "Numero di Sradi": 25.0, "Feed Stage": 11, "Distillato": 33.58789465926898, "Comp iniziale": [0.5, 0.43, 0.02, 0.05], "CompBott": {"CH4": 1.4598406313700726e-08, "CO2": 0.9999999853858312, "N2": 3.6465678677490334e-13, "O2": 1.5397834198969805e-11}, "Q Comp": 217.2282707813966, "W Comp": 274.6259207441714}
{"Q_Condenser": 272.31560798596826, "Q_Reboiler": 214.10457904304144, "Composizioni Finali": {"CH4": 0.7487804253954082, "CO2": 0.1463903139732848, "N2": 0.029951217325426063, "O2": 0.07487804330588088}, "Temperature": -60, "Reflux Ratio": 2.54, "Pressione": 5050.0, "Numero di Sradi": 25.0, "Feed Stage": 11, "Distillato": 33.38495379098283, "Comp iniziale": [0.5, 0.43, 0.02, 0.05], "CompBott": {"CH4": 1.5566089615036447e-08, "CO2": 0.9999999844171066, "N2": 3.885825863988004e-13, "O2": 1.641533776000605e-11}, "Q Comp": 214.10457904304144, "W Comp": 272.31560798596826}
{"Q_Condenser": 270.081878922526, "Q_Reboiler": 211.1504862043848, "Composizioni Finali": {"CH4": 0.7531464819863164, "CO2": 0.1414130093704388, "N2": 0.03012585961473278, "O2": 0.07531464902851197}, "Temperature": -61, "Reflux Ratio": 2.54, "Pressione": 5050.0, "Numero di Sradi": 25.0, "Feed Stage": 11, "Distillato": 33.19141824266956, "Comp iniziale": [0.5, 0.43, 0.02, 0.05], "CompBott": {"CH4": 1.656596756926569e-08, "CO2": 0.9999999834161529, "N2": 4.1328236121352123e-13, "O2": 1.7466191656590703e-11}, "Q Comp": 211.1504862043848, "W Comp": 270.081878922526}
{"Q_Condenser": 267.44624460783075, "Q_Reboiler": 207.72528835718947, "Composizioni Finali": {"CH4": 0.7573825665595321, "CO2": 0.13658387285300433, "N2": 0.030295303027578338, "O2": 0.07573825755988528}, "Temperature": -62, "Reflux Ratio": 2.54, "Pressione": 5050.0, "Numero di Sradi": 25.0, "Feed Stage": 11, "Distillato": 33.00577668695794, "Comp iniziale": [0.5, 0.43, 0.02, 0.05], "CompBott": {"CH4": 1.7747159987641122e-08, "CO2": 0.9999999822336899, "N2": 4.4243416959147563e-13, "O2": 1.870748451720649e-11}, "Q Comp": 207.72528835718947, "W Comp": 267.44624460783075}
{"Q_Condenser": 264.51139047915683, "Q_Reboiler": 204.00627046878398, "Composizioni Finali": {"CH4": 0.7614854195159646, "CO2": 0.13190662036383025, "N2": 0.03045941718003198, "O2": 0.07614854294017298}, "Temperature": -63, "Reflux Ratio": 2.54, "Pressione": 5050.0, "Numero di Sradi": 25.0, "Feed Stage": 11, "Distillato": 32.827942848716994, "Comp iniziale": [0.5, 0.43, 0.02, 0.05], "CompBott": {"CH4": 1.910442292262014e-08, "CO2": 0.9999999808749677, "N2": 4.758965437662416e-13, "O2": 2.0133373307972594e-11},