{"Q_Condenser": 293.7465961459687, "Q_Reboiler": 244.52447691470823, "Composizioni Finali": {"CH4": 0.6964737849962912, "CO2": 0.20601988464991206, "N2": 0.06964737882506511, "O2": 0.027858951528731538}, "Temperature": -50, "Reflux Ratio": 2.54, "Pressione": 5050.0, "Numero di Sradi": 25.0, "Feed Stage": 11, "Distillato": 35.892233967199026, "Comp iniziale": [0.5, 0.43, 0.05, 0.02], "CompBott": {"CH4": 8.287122701290044e-09, "CO2": 0.9999999917088542, "N2": 5.203704590991282e-13, "O2": 3.5026167078114114e-12}, "Q Comp": 244.52447691470823, "W Comp": 293.7465961459687}
{"Q_Condenser": 292.03279032763646, "Q_Reboiler": 241.86750954423104, "Composizioni Finali": {"CH4": 0.7022667962918557, "CO2": 0.19941585173106438, "N2": 0.07022667998463833, "O2": 0.02809067199244155}, "Temperature": -51, "Reflux Ratio": 2.54, "Pressione": 5050.0, "Numero di Sradi": 25.0, "Feed Stage": 11, "Distillato": 35.596158276848506, "Comp iniziale": [0.5, 0.43, 0.05, 0.02], "CompBott": {"CH4": 8.79224792171308e-09, "CO2": 0.9999999912034847, "N2": 5.518273698525209e-13, "O2": 3.715580570483235e-12}, "Q Comp": 241.86750954423104, "W Comp": 292.03279032763646}
{"Q_Condenser": 290.3070089356051, "Q_Reboiler": 239.19986529945035, "Composizioni Finali": {"CH4": 0.707941185003685, "CO2": 0.19294704855466013, "N2": 0.07079411888799739, "O2": 0.028317647553657406}, "Temperature": -52, "Reflux Ratio": 2.54, "Pressione": 5050.0, "Numero di Sradi": 25.0, "Feed Stage": 11, "Distillato": 35.310842980404004, "Comp iniziale": [0.5, 0.43, 0.05, 0.02], "CompBott": {"CH4": 9.326489707799077e-09, "CO2": 0.9999999906689845, "N2": 5.850745139396301e-13, "O2": 3.9407630053534014e-12}, "Q Comp": 239.19986529945035, "W Comp": 290.3070089356051}
{"Q_Condenser": 288.59912817413044, "Q_Reboiler": 236.57430311590497, "Composizioni Finali": {"CH4": 0.7134584006580877, "CO2": 0.18665742266102095, "N2": 0.07134584048754872, "O2": 0.028538336193342496}, "Temperature": -53, "Reflux Ratio": 2.54, "Pressione": 5050.0, "Numero di Sradi": 25.0, "Feed Stage": 11, "Distillato": 35.03778214548772, "Comp iniziale": [0.5, 0.43, 0.05, 0.02], "CompBott": {"CH4": 9.884937606063254e-09, "CO2": 0.9999999901102665, "N2": 6.198088947253079e-13, "O2": 4.176115149557527e-12}, "Q Comp": 236.57430311590497, "W Comp": 288.59912817413044}
{"Q_Condenser": 286.8886503998584, "Q_Reboiler": 233.96557374780673, "Composizioni Finali": {"CH4": 0.7188285505146795, "CO2": 0.18053545177388447, "N2": 0.07188285550946924, "O2": 0.0287531422019667}, "Temperature": -54, "Reflux Ratio": 2.54, "Pressione": 5050.0, "Numero di Sradi": 25.0, "Feed Stage": 11, "Distillato": 34.7760254969202, "Comp iniziale": [0.5, 0.43, 0.05, 0.02], "CompBott": {"CH4": 1.0471403131130338e-08, "CO2": 0.9999999895235174, "N2": 6.562640117600953e-13, "O2": 4.423232320229397e-12}, "Q Comp": 233.96557374780673, "W Comp": 286.8886503998584}
{"Q_Condenser": 285.16553775119166, "Q_Reboiler": 231.36128408261297, "Composizioni Finali": {"CH4": 0.7240528357363373, "CO2": 0.1745797665673333, "N2": 0.07240528407021683, "O2": 0.028962113626112597}, "Temperature": -55, "Reflux Ratio": 2.54, "Pressione": 5050.0, "Numero di Sradi": 25.0, "Feed Stage": 11, "Distillato": 34.52510473633018, "Comp iniziale": [0.5, 0.43, 0.05, 0.02], "CompBott": {"CH4": 1.1088775645996824e-08, "CO2": 0.9999999889058464, "N2": 6.94616728085068e-13, "O2": 4.68332706309267e-12}, "Q Comp": 231.36128408261297, "W Comp": 285.16553775119166}
{"Q_Condenser": 283.41591008201476, "Q_Reboiler": 228.74572209128235, "Composizioni Finali": {"CH4": 0.7291337004204661, "CO2": 0.16878758077000178, "N2": 0.07291337057976398, "O2": 0.029165348229768212}, "Temperature": -56, "Reflux Ratio": 2.54, "Pressione": 5050.0, "Numero di Sradi": 25.0, "Feed Stage": 11, "Distillato": 34.28452142741777, "Comp iniziale": [0.5, 0.43, 0.05, 0.02], "CompBott": {"CH4": 1.1741052715975075e-08, "CO2": 0.9999999882532541, "N2": 7.351118970920705e-13, "O2": 4.958076266195692e-12}, "Q Comp": 228.74572209128235, "W Comp": 283.41591008201476}
{"Q_Condenser": 281.6228525481033, "Q_Reboiler": 226.10350469828123, "Composizioni Finali": {"CH4": 0.7340739329169973, "CO2": 0.16315571566257359, "N2": 0.07340739387338649, "O2": 0.029362957547042715}, "Temperature": -57, "Reflux Ratio": 2.54, "Pressione": 5050.0, "Numero di Sradi": 25.0, "Feed Stage": 11, "Distillato": 34.053790552733524, "Comp iniziale": [0.5, 0.43, 0.05, 0.02], "CompBott": {"CH4": 1.243305893527421e-08, "CO2": 0.9999999875609134, "N2": 7.780444216186227e-13, "O2": 5.249499876218671e-12}, "Q Comp": 226.10350469828123, "W Comp": 281.6228525481033}
{"Q_Condenser": 279.76678927916475, "Q_Reboiler": 223.41087618986313, "Composizioni Finali": {"CH4": 0.7388744018037721, "CO2": 0.15768318106575513, "N2": 0.07388744080926568, "O2": 0.029554976321207155}, "Temperature": -58, "Reflux Ratio": 2.54, "Pressione": 5050.0, "Numero di Sradi": 25.0, "Feed Stage": 11, "Distillato": 33.83254296814031, "Comp iniziale": [0.5, 0.43, 0.05, 0.02], "CompBott": {"CH4": 1.3171818417161705e-08, "CO2": 0.9999999868217972, "N2": 8.238452689205976e-13, "O2": 5.560548375018956e-12}, "Q Comp": 223.41087618986313, "W Comp": 279.76678927916475}
{"Q_Condenser": 277.8282961431502, "Q_Reboiler": 220.648360686353, "Composizioni Finali": {"CH4": 0.7435364641008128, "CO2": 0.1523684299760692, "N2": 0.07435364708987076, "O2": 0.02974145883324729}, "Temperature": -59, "Reflux Ratio": 2.54, "Pressione": 5050.0, "Numero di Sradi": 25.0, "Feed Stage": 11, "Distillato": 33.620408867946104, "Comp iniziale": [0.5, 0.43, 0.05, 0.02], "CompBott": {"CH4": 1.3965354951736832e-08, "CO2": 0.9999999860278774, "N2": 8.730056582014521e-13, "O2": 5.894586494478013e-12}, "Q Comp": 220.648360686353, "W Comp": 277.8282961431502}
{"Q_Condenser": 275.74383081819076, "Q_Reboiler": 217.76449908126378, "Composizioni Finali": {"CH4": 0.7480773192073231, "CO2": 0.1471918550770559, "N2": 0.07480773265610166, "O2": 0.029923093059519266}, "Temperature": -60, "Reflux Ratio": 2.54, "Pressione": 5050.0, "Numero di Sradi": 25.0, "Feed Stage": 11, "Distillato": 33.416331804563306, "Comp iniziale": [0.5, 0.43, 0.05, 0.02], "CompBott": {"CH4": 1.4830638669652146e-08, "CO2": 0.999999985162176, "N2": 9.265668297913318e-13, "O2": 6.258730790960612e-12}, "Q Comp": 217.76449908126378, "W Comp": 275.74383081819076}
{"Q_Condenser": 273.75335822000466, "Q_Reboiler": 215.0470514306644, "Composizioni Finali": {"CH4": 0.7524660612345687, "CO2": 0.14218868908535015, "N2": 0.07524660691659396, "O2": 0.030098642763487202}, "Temperature": -61, "Reflux Ratio": 2.54, "Pressione": 5050.0, "Numero di Sradi": 25.0, "Feed Stage": 11, "Distillato": 33.221431748452446, "Comp iniziale": [0.5, 0.43, 0.05, 0.02], "CompBott": {"CH4": 1.5717611358296426e-08, "CO2": 0.9999999842747753, "N2": 9.814266258711689e-13, "O2": 6.631835153411549e-12}, "Q Comp": 215.0470514306644, "W Comp": 273.75335822000466}
{"Q_Condenser": 271.4337700171358, "Q_Reboiler": 211.9418964269905, "Composizioni Finali": {"CH4": 0.7567210983583635, "CO2": 0.13733794667208757, "N2": 0.07567211069497208, "O2": 0.030268844274576833}, "Temperature": -62, "Reflux Ratio": 2.54, "Pressione": 5050.0, "Numero di Sradi": 25.0, "Feed Stage": 11, "Distillato": 33.03462785724958, "Comp iniziale": [0.5, 0.43, 0.05, 0.02], "CompBott": {"CH4": 1.6743308931827343e-08, "CO2": 0.999999983248583, "N2": 1.0448140450390204e-12, "O2": 7.063269365099452e-12}, "Q Comp": 211.9418964269905, "W Comp": 271.4337700171358}
{"Q_Condenser": 268.8862697267723, "Q_Reboiler": 208.61714976762545, "Composizioni Finali": {"CH4": 0.7608431955935036, "CO2": 0.13263875572086056, "N2": 0.07608432049238623, "O2": 0.03043372819324965}, "Temperature": -63, "Reflux Ratio": 2.54, "Pressione": 5050.0, "Numero di Sradi": 25.0, "Feed Stage": 11, "Distillato": 32.85565277841639, "Comp iniziale": [0.5, 0.43, 0.05, 0.02], "CompBott": {"CH4": 1.7896153978586444e-08, "CO2": 0.9999999820951818, "N2": 1.1159917698270138e-12, "O2": 7.548048548287964e-12},