{"Q_Condenser": 320.2435674455782, "Q_Reboiler": 276.22632880013805, "Composizioni Finali": {"CH4": 0.74508099028889, "CO2": 0.2052469436149912, "N2": 0.024836033048250196, "O2": 0.02483603304786861}, "Temperature": -50, "Reflux Ratio": 2.54, "Pressione": 5050.0, "Numero di Sradi": 25.0, "Feed Stage": 11, "Distillato": 40.26085826411675, "Comp iniziale": [0.6, 0.36, 0.02, 0.02], "CompBott": {"CH4": 4.794578228984889e-09, "CO2": 0.9999999952036449, "N2": 9.943015975375941e-14, "O2": 1.6774889688326898e-12}, "Q Comp": 276.22632880013805, "W Comp": 320.2435674455782}
{"Q_Condenser": 317.9247401914954, "Q_Reboiler": 272.83978975190473, "Composizioni Finali": {"CH4": 0.7512238114985766, "CO2": 0.19869460098342415, "N2": 0.025040793759209964, "O2": 0.02504079375878925}, "Temperature": -51, "Reflux Ratio": 2.54, "Pressione": 5050.0, "Numero di Sradi": 25.0, "Feed Stage": 11, "Distillato": 39.9316417847442, "Comp iniziale": [0.6, 0.36, 0.02, 0.02], "CompBott": {"CH4": 5.072681217630996e-09, "CO2": 0.9999999949254393, "N2": 1.0512573377031874e-13, "O2": 1.7743015370858007e-12}, "Q Comp": 272.83978975190473, "W Comp": 317.9247401914954}
{"Q_Condenser": 315.5583149385884, "Q_Reboiler": 269.375460692767, "Composizioni Finali": {"CH4": 0.7572321100885331, "CO2": 0.19228574914563806, "N2": 0.025241070383145867, "O2": 0.025241070382683115}, "Temperature": -52, "Reflux Ratio": 2.54, "Pressione": 5050.0, "Numero di Sradi": 25.0, "Feed Stage": 11, "Distillato": 39.614802035733284, "Comp iniziale": [0.6, 0.36, 0.02, 0.02], "CompBott": {"CH4": 5.368051453896393e-09, "CO2": 0.9999999946299604, "N2": 1.1116835742053942e-13, "O2": 1.877077501118677e-12}, "Q Comp": 269.375460692767, "W Comp": 315.5583149385884}
{"Q_Condenser": 313.14018458067153, "Q_Reboiler": 265.9042155270889, "Composizioni Finali": {"CH4": 0.7630792321593168, "CO2": 0.18604881892772737, "N2": 0.02543597445673171, "O2": 0.025435974456224048}, "Temperature": -53, "Reflux Ratio": 2.54, "Pressione": 5050.0, "Numero di Sradi": 25.0, "Feed Stage": 11, "Distillato": 39.31125218336585, "Comp iniziale": [0.6, 0.36, 0.02, 0.02], "CompBott": {"CH4": 5.679175342523093e-09, "CO2": 0.9999999943187219, "N2": 1.1752686578453116e-13, "O2": 1.985290440543246e-12}, "Q Comp": 265.9042155270889, "W Comp": 313.14018458067153}
{"Q_Condenser": 310.65356615314147, "Q_Reboiler": 262.3881479038727, "Composizioni Finali": {"CH4": 0.768771847514473, "CO2": 0.17997669587250725, "N2": 0.025625728306787655, "O2": 0.02562572830623192}, "Temperature": -54, "Reflux Ratio": 2.54, "Pressione": 5050.0, "Numero di Sradi": 25.0, "Feed Stage": 11, "Distillato": 39.02015952199374, "Comp iniziale": [0.6, 0.36, 0.02, 0.02], "CompBott": {"CH4": 6.008837933297027e-09, "CO2": 0.9999999939889379, "N2": 1.2425698997109232e-13, "O2": 2.0998999446576883e-12}, "Q Comp": 262.3881479038727, "W Comp": 310.65356615314147}
{"Q_Condenser": 308.0829449872434, "Q_Reboiler": 258.82331669832115, "Composizioni Finali": {"CH4": 0.7742907144739214, "CO2": 0.17408990443870329, "N2": 0.025809690543991202, "O2": 0.025809690543384105}, "Temperature": -55, "Reflux Ratio": 2.54, "Pressione": 5050.0, "Numero di Sradi": 25.0, "Feed Stage": 11, "Distillato": 38.742037789786785, "Comp iniziale": [0.6, 0.36, 0.02, 0.02], "CompBott": {"CH4": 6.358201226173436e-09, "CO2": 0.9999999936394461, "N2": 1.3138168499185058e-13, "O2": 2.221308733109939e-12}, "Q Comp": 258.82331669832115, "W Comp": 308.0829449872434}
{"Q_Condenser": 305.37494072240327, "Q_Reboiler": 255.08629348567428, "Composizioni Finali": {"CH4": 0.7796938757599207, "CO2": 0.16832653238898151, "N2": 0.025989795925880462, "O2": 0.025989795925217437}, "Temperature": -56, "Reflux Ratio": 2.54, "Pressione": 5050.0, "Numero di Sradi": 25.0, "Feed Stage": 11, "Distillato": 38.47356128726552, "Comp iniziale": [0.6, 0.36, 0.02, 0.02], "CompBott": {"CH4": 6.7372664650261196e-09, "CO2": 0.9999999932602415, "N2": 1.3910235497389418e-13, "O2": 2.3529692809370442e-12}, "Q Comp": 255.08629348567428, "W Comp": 305.37494072240327}
{"Q_Condenser": 302.4739980437597, "Q_Reboiler": 251.2261819343186, "Composizioni Finali": {"CH4": 0.7849355281268636, "CO2": 0.16273543651864805, "N2": 0.02616451767760593, "O2": 0.02616451767688236}, "Temperature": -57, "Reflux Ratio": 2.54, "Pressione": 5050.0, "Numero di Sradi": 25.0, "Feed Stage": 11, "Distillato": 38.21664204624639, "Comp iniziale": [0.6, 0.36, 0.02, 0.02], "CompBott": {"CH4": 7.146308827168698e-09, "CO2": 0.9999999928510488, "N2": 1.4742273573984494e-13, "O2": 2.494965740199858e-12}, "Q Comp": 251.2261819343186, "W Comp": 302.4739980437597}
{"Q_Condenser": 299.68910865668755, "Q_Reboiler": 247.57549446374983, "Composizioni Finali": {"CH4": 0.790009602332493, "CO2": 0.15732309068645348, "N2": 0.026333653490920258, "O2": 0.02633365349013324}, "Temperature": -58, "Reflux Ratio": 2.54, "Pressione": 5050.0, "Numero di Sradi": 25.0, "Feed Stage": 11, "Distillato": 37.971184163351325, "Comp iniziale": [0.6, 0.36, 0.02, 0.02], "CompBott": {"CH4": 7.567816230522796e-09, "CO2": 0.9999999924293866, "N2": 1.559868319311511e-13, "O2": 2.64118557312834e-12}, "Q Comp": 247.57549446374983, "W Comp": 299.68910865668755}
{"Q_Condenser": 296.42855719283574, "Q_Reboiler": 243.3665976340025, "Composizioni Finali": {"CH4": 0.7949352990647961, "CO2": 0.15206901415743188, "N2": 0.0264978433893155, "O2": 0.02649784338845663}, "Temperature": -59, "Reflux Ratio": 2.54, "Pressione": 5050.0, "Numero di Sradi": 25.0, "Feed Stage": 11, "Distillato": 37.73590143568607, "Comp iniziale": [0.6, 0.36, 0.02, 0.02], "CompBott": {"CH4": 8.052779403153792e-09, "CO2": 0.9999999919442455, "N2": 1.6582514596960751e-13, "O2": 2.809350381527273e-12}, "Q Comp": 243.3665976340025, "W Comp": 296.42855719283574}
{"Q_Condenser": 292.8280688385247, "Q_Reboiler": 238.83075047488393, "Composizioni Finali": {"CH4": 0.7997172066597058, "CO2": 0.1469683127065744, "N2": 0.02665724031732955, "O2": 0.026657240316390406}, "Temperature": -60, "Reflux Ratio": 2.54, "Pressione": 5050.0, "Numero di Sradi": 25.0, "Feed Stage": 11, "Distillato": 37.5102596703247, "Comp iniziale": [0.6, 0.36, 0.02, 0.02], "CompBott": {"CH4": 8.597996315170675e-09, "CO2": 0.9999999913988284, "N2": 1.768679983064343e-13, "O2": 2.998283636048902e-12}, "Q Comp": 238.83075047488393, "W Comp": 292.8280688385247}
{"Q_Condenser": 288.6389199826921, "Q_Reboiler": 233.66674517857425, "Composizioni Finali": {"CH4": 0.8043542276758925, "CO2": 0.1420221569370634, "N2": 0.0268118076940382, "O2": 0.026811807693005913}, "Temperature": -61, "Reflux Ratio": 2.54, "Pressione": 5050.0, "Numero di Sradi": 25.0, "Feed Stage": 11, "Distillato": 37.29401679318386, "Comp iniziale": [0.6, 0.36, 0.02, 0.02], "CompBott": {"CH4": 9.24040727472041e-09, "CO2": 0.9999999907561821, "N2": 1.8985591230660357e-13, "O2": 3.220755310692886e-12}, "Q Comp": 233.66674517857425, "W Comp": 288.6389199826921}
{"Q_Condenser": 283.9767288829189, "Q_Reboiler": 228.08475600472906, "Composizioni Finali": {"CH4": 0.8088513367469731, "CO2": 0.1372252405728089, "N2": 0.026961711340678728, "O2": 0.0269617113395393}, "Temperature": -62, "Reflux Ratio": 2.54, "Pressione": 5050.0, "Numero di Sradi": 25.0, "Feed Stage": 11, "Distillato": 37.08666685738919, "Comp iniziale": [0.6, 0.36, 0.02, 0.02], "CompBott": {"CH4": 9.98469416275498e-09, "CO2": 0.9999999900116227, "N2": 2.048748043173337e-13, "O2": 3.4782874328065334e-12}, "Q Comp": 228.08475600472906, "W Comp": 283.9767288829189}
{"Q_Condenser": 278.2970451687032, "Q_Reboiler": 221.4528126599329, "Composizioni Finali": {"CH4": 0.81321345701634, "CO2": 0.13257231225852534, "N2": 0.02710711536320344, "O2": 0.02710711536193146}, "Temperature": -63, "Reflux Ratio": 2.54, "Pressione": 5050.0, "Numero di Sradi": 25.0, "Feed Stage": 11, "Distillato": 36.887731984713376, "Comp iniziale": [0.6, 0.36, 0.02, 0.02], "CompBott": {"CH4": 1.092468095332867e-08, "CO2": 0.999999989071292, "N2": 2.2380053793911683e-13, "O2": 3.803265026670927e-12}, "Q Comp": 221.4528126599329,