{"Q_Condenser": 174.69486775426714, "Q_Reboiler": 125.38712018813392, "Composizioni Finali": {"CH4": 0.6973418069685892, "CO2": 0.20503032172672236, "N2": 0.027893677578968597, "O2": 0.06973419372571969}, "Temperature": -50, "Reflux Ratio": 1.5, "Distillato": 35.84755015842319, "Comp iniziale": [0.5, 0.43, 0.02, 0.05], "CompBott": {"CH4": 3.362287165653351e-07, "CO2": 0.999999663139178, "N2": 2.0110117738886425e-11, "O2": 6.119952641994106e-10}, "Q Comp": 125.38712018813392, "W Comp": 174.69486775426714}
{"Q_Condenser": 258.9919483138038, "Q_Reboiler": 209.55849700620283, "Composizioni Finali": {"CH4": 0.6979263158860046, "CO2": 0.2043639947896522, "N2": 0.027917054110375896, "O2": 0.06979263521396732}, "Temperature": -50, "Reflux Ratio": 2.25, "Distillato": 35.817532980571144, "Comp iniziale": [0.5, 0.43, 0.02, 0.05], "CompBott": {"CH4": 9.329158818786254e-08, "CO2": 0.9999999065319339, "N2": 5.692503000214236e-12, "O2": 1.7078549225623377e-10}, "Q Comp": 209.55849700620283, "W Comp": 258.9919483138038}
{"Q_Condenser": 342.8969197404387, "Q_Reboiler": 293.3876361793727, "Composizioni Finali": {"CH4": 0.6985104319741423, "CO2": 0.20369810491159765, "N2": 0.02794041804184281, "O2": 0.0698510450724172}, "Temperature": -50, "Reflux Ratio": 3.0, "Distillato": 35.7875821635798, "Comp iniziale": [0.5, 0.43, 0.02, 0.05], "CompBott": {"CH4": 4.811196838539293e-08, "CO2": 0.9999999517965403, "N2": 2.9750814023491625e-12, "O2": 8.851610049260543e-11}, "Q Comp": 293.3876361793727, "W Comp": 342.8969197404387}
{"Q_Condenser": 169.70825950027643, "Q_Reboiler": 115.76016598091056, "Composizioni Finali": {"CH4": 0.7248519255900033, "CO2": 0.17366877053371454, "N2": 0.028994086940326385, "O2": 0.07248521693595568}, "Temperature": -55, "Reflux Ratio": 1.5, "Distillato": 34.4870320609528, "Comp iniziale": [0.5, 0.43, 0.02, 0.05], "CompBott": {"CH4": 5.521141850869728e-07, "CO2": 0.999999446848112, "N2": 3.29099623901502e-11, "O2": 1.0047927543432202e-09}, "Q Comp": 115.76016598091056, "W Comp": 169.70825950027643}
{"Q_Condenser": 251.10987325999426, "Q_Reboiler": 197.10982666359024, "Composizioni Finali": {"CH4": 0.725367889899026, "CO2": 0.17308059767778863, "N2": 0.02901471786238834, "O2": 0.07253679456079697}, "Temperature": -55, "Reflux Ratio": 2.25, "Distillato": 34.46251006206328, "Comp iniziale": [0.5, 0.43, 0.02, 0.05], "CompBott": {"CH4": 1.258985816732886e-07, "CO2": 0.9999998738634525, "N2": 7.661028517751861e-12, "O2": 2.3030486602183842e-10}, "Q Comp": 197.10982666359024, "W Comp": 251.10987325999426}
{"Q_Condenser": 332.07204533770994, "Q_Reboiler": 277.9692415767762, "Composizioni Finali": {"CH4": 0.7258707775542314, "CO2": 0.1725073098440423, "N2": 0.029034832184967274, "O2": 0.07258708041675903}, "Temperature": -55, "Reflux Ratio": 3.0, "Distillato": 34.43863563501461, "Comp iniziale": [0.5, 0.43, 0.02, 0.05], "CompBott": {"CH4": 6.001609578880238e-08, "CO2": 0.9999999398698708, "N2": 3.7027343792623914e-12, "O2": 1.1033043662436605e-10}, "Q Comp": 277.9692415767762, "W Comp": 332.07204533770994}
{"Q_Condenser": 163.83087139378625, "Q_Reboiler": 105.52523272467586, "Composizioni Finali": {"CH4": 0.7487495416939929, "CO2": 0.14642545795712253, "N2": 0.029950000322733976, "O2": 0.07487500002615063}, "Temperature": -60, "Reflux Ratio": 1.5, "Distillato": 33.38631034052341, "Comp iniziale": [0.5, 0.43, 0.02, 0.05], "CompBott": {"CH4": 9.388294970830107e-07, "CO2": 0.9999990594061788, "N2": 5.574551857447189e-11, "O2": 1.7085784161393112e-09}, "Q Comp": 105.52523272467586, "W Comp": 163.83087139378625}
{"Q_Condenser": 242.09413714312308, "Q_Reboiler": 183.84106911138352, "Composizioni Finali": {"CH4": 0.7492101967817825, "CO2": 0.14590036386454655, "N2": 0.029968411284837043, "O2": 0.07492102806883397}, "Temperature": -60, "Reflux Ratio": 2.25, "Distillato": 33.365799632241966, "Comp iniziale": [0.5, 0.43, 0.02, 0.05], "CompBott": {"CH4": 1.7147920884919067e-07, "CO2": 0.9999998281969569, "N2": 1.0402579909566503e-11, "O2": 3.1343168823297533e-10}, "Q Comp": 183.84106911138352, "W Comp": 242.09413714312308}
{"Q_Condenser": 319.66758445795165, "Q_Reboiler": 261.33535033951466, "Composizioni Finali": {"CH4": 0.7496485086910477, "CO2": 0.14540069489981589, "N2": 0.029985941849259727, "O2": 0.07496485455987663}, "Temperature": -60, "Reflux Ratio": 3.0, "Distillato": 33.346293117920645, "Comp iniziale": [0.5, 0.43, 0.02, 0.05], "CompBott": {"CH4": 7.530243205948396e-08, "CO2": 0.9999999245546264, "N2": 4.633720211121974e-12, "O2": 1.3830775276143116e-10}, "Q Comp": 261.33535033951466, "W Comp": 319.66758445795165}
