{"Q_Condenser": 162.7169585271472, "Q_Reboiler": 110.58238120595752, "Composizioni Finali": {"CH4": 0.7358264607771525, "CO2": 0.2053073956299105, "N2": 0.02943307191001512, "O2": 0.029433071682921787}, "Temperature": -50, "Reflux Ratio": 1.5, "Distillato": 33.97266886600502, "Comp iniziale": [0.5, 0.46, 0.02, 0.02], "CompBott": {"CH4": 7.15529138716838e-07, "CO2": 0.9999992839031, "N2": 4.3138995566660816e-11, "O2": 5.246223199317872e-10}, "Q Comp": 110.58238120595752, "W Comp": 162.7169585271472}
{"Q_Condenser": 241.25842042623893, "Q_Reboiler": 189.10393597100904, "Composizioni Finali": {"CH4": 0.736441970837928, "CO2": 0.20464266588781596, "N2": 0.029457681660981394, "O2": 0.02945768161327477}, "Temperature": -50, "Reflux Ratio": 2.25, "Distillato": 33.944287190005966, "Comp iniziale": [0.5, 0.46, 0.02, 0.02], "CompBott": {"CH4": 1.4970928953723578e-07, "CO2": 0.999999850171465, "N2": 9.180577865956148e-12, "O2": 1.1006495201533808e-10}, "Q Comp": 189.10393597100904, "W Comp": 241.25842042623893}
{"Q_Condenser": 319.3558803446932, "Q_Reboiler": 267.0950948125037, "Composizioni Finali": {"CH4": 0.7370473221481114, "CO2": 0.20398888949810082, "N2": 0.029481894187911667, "O2": 0.029481894165876273}, "Temperature": -50, "Reflux Ratio": 3.0, "Distillato": 33.91640984658517, "Comp iniziale": [0.5, 0.46, 0.02, 0.02], "CompBott": {"CH4": 6.876318067327398e-08, "CO2": 0.9999999311818055, "N2": 4.267434351185821e-12, "O2": 5.074634193125808e-11}, "Q Comp": 267.0950948125037, "W Comp": 319.3558803446932}
{"Q_Condenser": 157.19836590202868, "Q_Reboiler": 100.59509877614644, "Composizioni Finali": {"CH4": 0.7647178616321891, "CO2": 0.17410465491300056, "N2": 0.030588741959256864, "O2": 0.030588741495553594}, "Temperature": -55, "Reflux Ratio": 1.5, "Distillato": 32.68915100787434, "Comp iniziale": [0.5, 0.46, 0.02, 0.02], "CompBott": {"CH4": 1.3002178161765571e-06, "CO2": 0.9999986987500524, "N2": 7.81447313302766e-11, "O2": 9.539867407646382e-10}, "Q Comp": 100.59509877614644, "W Comp": 157.19836590202868}
{"Q_Condenser": 232.635163973549, "Q_Reboiler": 176.0348898516265, "Composizioni Finali": {"CH4": 0.7652677860212497, "CO2": 0.17351078216785784, "N2": 0.03061071594342109, "O2": 0.030610715867471383}, "Temperature": -55, "Reflux Ratio": 2.25, "Distillato": 32.6656850503742, "Comp iniziale": [0.5, 0.46, 0.02, 0.02], "CompBott": {"CH4": 2.124958403370688e-07, "CO2": 0.9999997873350106, "N2": 1.2996111759479037e-11, "O2": 1.561527691131986e-10}, "Q Comp": 176.0348898516265, "W Comp": 232.635163973549}
{"Q_Condenser": 307.5307592310148, "Q_Reboiler": 250.84281622178355, "Composizioni Finali": {"CH4": 0.7658078382477441, "CO2": 0.17292753095424593, "N2": 0.030632315414948222, "O2": 0.030632315383061853}, "Temperature": -55, "Reflux Ratio": 3.0, "Distillato": 32.642651812606516, "Comp iniziale": [0.5, 0.46, 0.02, 0.02], "CompBott": {"CH4": 8.878408632202057e-08, "CO2": 0.9999999111449391, "N2": 5.497168371085049e-12, "O2": 6.547728039359882e-11}, "Q Comp": 250.84281622178355, "W Comp": 307.5307592310148}
{"Q_Condenser": 150.15464488645065, "Q_Reboiler": 89.44436571501933, "Composizioni Finali": {"CH4": 0.7898752082326611, "CO2": 0.14693465549339166, "N2": 0.03159506864639498, "O2": 0.031595067627552084}, "Temperature": -60, "Reflux Ratio": 1.5, "Distillato": 31.64797692732624, "Comp iniziale": [0.5, 0.46, 0.02, 0.02], "CompBott": {"CH4": 2.604878570028582e-06, "CO2": 0.999997393052188, "N2": 1.5593458496144767e-10, "O2": 1.913307306482907e-09}, "Q Comp": 89.44436571501933, "W Comp": 150.15464488645065}
{"Q_Condenser": 221.68181754868053, "Q_Reboiler": 160.97092229060772, "Composizioni Finali": {"CH4": 0.7903360897602292, "CO2": 0.14643700853646027, "N2": 0.03161345091340057, "O2": 0.0316134507899098}, "Temperature": -60, "Reflux Ratio": 2.25, "Distillato": 31.629574663805684, "Comp iniziale": [0.5, 0.46, 0.02, 0.02], "CompBott": {"CH4": 3.157618091008632e-07, "CO2": 0.9999996839870251, "N2": 1.9248655232705943e-11, "O2": 2.319171643006949e-10}, "Q Comp": 160.97092229060772, "W Comp": 221.68181754868053}
{"Q_Condenser": 292.53354542872836, "Q_Reboiler": 231.75257123146667, "Composizioni Finali": {"CH4": 0.7907987173216019, "CO2": 0.14593737983980007, "N2": 0.03163195144253979, "O2": 0.03163195139605801}, "Temperature": -60, "Reflux Ratio": 3.0, "Distillato": 31.611075531698017, "Comp iniziale": [0.5, 0.46, 0.02, 0.02], "CompBott": {"CH4": 1.1837764766304564e-07, "CO2": 0.9999998815278152, "N2": 7.308125255684542e-12, "O2": 8.722894622463222e-11}, "Q Comp": 231.75257123146667, "W Comp": 292.53354542872836}
