{"Q_Condenser": 191.8412966983502, "Q_Reboiler": 147.82379025261451, "Composizioni Finali": {"CH4": 0.7450580828989094, "CO2": 0.2052713762362515, "N2": 0.02483527044078065, "O2": 0.0248352704240584}, "Temperature": -50, "Reflux Ratio": 1.5, "Distillato": 40.26209453703, "Comp iniziale": [0.6, 0.36, 0.02, 0.02], "CompBott": {"CH4": 1.2561560111664672e-07, "CO2": 0.9999998743028883, "N2": 6.17135378950044e-12, "O2": 7.533915321679434e-11}, "Q Comp": 147.82379025261451, "W Comp": 191.8412966983502}
{"Q_Condenser": 284.3796611510832, "Q_Reboiler": 240.29821345540773, "Composizioni Finali": {"CH4": 0.7456861814261749, "CO2": 0.20460140563148488, "N2": 0.024856206474734778, "O2": 0.02485620646760537}, "Temperature": -50, "Reflux Ratio": 2.25, "Distillato": 40.22818234109291, "Comp iniziale": [0.6, 0.36, 0.02, 0.02], "CompBott": {"CH4": 5.2861261737887775e-08, "CO2": 0.9999999471040519, "N2": 2.662165528770488e-12, "O2": 3.202417810401183e-11}, "Q Comp": 240.29821345540773, "W Comp": 284.3796611510832}
{"Q_Condenser": 376.46347915212993, "Q_Reboiler": 332.3249079468013, "Composizioni Finali": {"CH4": 0.7463231191971716, "CO2": 0.20392200566264135, "N2": 0.024877437572324586, "O2": 0.02487743756786235}, "Temperature": -50, "Reflux Ratio": 3.0, "Distillato": 40.19385049107516, "Comp iniziale": [0.6, 0.36, 0.02, 0.02], "CompBott": {"CH4": 3.274186513657009e-08, "CO2": 0.9999999672364877, "N2": 1.6749374957536967e-12, "O2": 1.9972304316976818e-11}, "Q Comp": 332.3249079468013, "W Comp": 376.46347915212993}
{"Q_Condenser": 185.097286220101, "Q_Reboiler": 135.84624899824078, "Composizioni Finali": {"CH4": 0.7743168198936758, "CO2": 0.17406205502079092, "N2": 0.02581056255842292, "O2": 0.025810562527110253}, "Temperature": -55, "Reflux Ratio": 1.5, "Distillato": 38.74072887905228, "Comp iniziale": [0.6, 0.36, 0.02, 0.02], "CompBott": {"CH4": 1.9599649744782916e-07, "CO2": 0.9999998038765673, "N2": 9.578479392678891e-12, "O2": 1.173568922161044e-10}, "Q Comp": 135.84624899824078, "W Comp": 185.097286220101}
{"Q_Condenser": 273.7238430185767, "Q_Reboiler": 224.4091905703866, "Composizioni Finali": {"CH4": 0.7748564192487114, "CO2": 0.17348648478656328, "N2": 0.025828547988027112, "O2": 0.025828547976698233}, "Temperature": -55, "Reflux Ratio": 2.25, "Distillato": 38.71375219479407, "Comp iniziale": [0.6, 0.36, 0.02, 0.02], "CompBott": {"CH4": 7.00786373382657e-08, "CO2": 0.9999999298754584, "N2": 3.5153051104361584e-12, "O2": 4.2389026814990673e-11}, "Q Comp": 224.4091905703866, "W Comp": 273.7238430185767}
{"Q_Condenser": 361.7938690339912, "Q_Reboiler": 312.3873220528055, "Composizioni Finali": {"CH4": 0.77540408083881, "CO2": 0.17290231298977599, "N2": 0.025846803089014127, "O2": 0.02584680308239987}, "Temperature": -55, "Reflux Ratio": 3.0, "Distillato": 38.68640941521762, "Comp iniziale": [0.6, 0.36, 0.02, 0.02], "CompBott": {"CH4": 4.0534088238853424e-08, "CO2": 0.9999999594391528, "N2": 2.0669254825130216e-12, "O2": 2.469214504914134e-11}, "Q Comp": 312.3873220528055, "W Comp": 361.7938690339912}
{"Q_Condenser": 176.05216696888624, "Q_Reboiler": 121.85915297869137, "Composizioni Finali": {"CH4": 0.7997374599661211, "CO2": 0.14694670226837678, "N2": 0.026657918912278422, "O2": 0.026657918853223616}, "Temperature": -60, "Reflux Ratio": 1.5, "Distillato": 37.509304814602636, "Comp iniziale": [0.6, 0.36, 0.02, 0.02], "CompBott": {"CH4": 3.2310064323511393e-07, "CO2": 0.9999996766905859, "N2": 1.5686821929271205e-11, "O2": 1.9308402227669962e-10}, "Q Comp": 121.85915297869137, "W Comp": 176.05216696888624}
{"Q_Condenser": 259.7179425041265, "Q_Reboiler": 205.46175341450672, "Composizioni Finali": {"CH4": 0.8001750208801716, "CO2": 0.1464799756230219, "N2": 0.02667250175723189, "O2": 0.026672501739574674}, "Temperature": -60, "Reflux Ratio": 2.25, "Distillato": 37.488797093010405, "Comp iniziale": [0.6, 0.36, 0.02, 0.02], "CompBott": {"CH4": 9.556992985351678e-08, "CO2": 0.999999904367605, "N2": 4.7699285216216514e-12, "O2": 5.769524814180871e-11}, "Q Comp": 205.46175341450672, "W Comp": 259.7179425041265}
{"Q_Condenser": 342.6506759610375, "Q_Reboiler": 288.28896859208635, "Composizioni Finali": {"CH4": 0.800630833630092, "CO2": 0.14599377632972899, "N2": 0.026687695024866207, "O2": 0.026687695015312637}, "Temperature": -60, "Reflux Ratio": 3.0, "Distillato": 37.46745477401476, "Comp iniziale": [0.6, 0.36, 0.02, 0.02], "CompBott": {"CH4": 5.126432433143038e-08, "CO2": 0.9999999487018986, "N2": 2.60323558423356e-12, "O2": 3.1173811971412817e-11}, "Q Comp": 288.28896859208635, "W Comp": 342.6506759610375}
