{"Q_Condenser": 175.93078640139342, "Q_Reboiler": 126.83157159969812, "Composizioni Finali": {"CH4": 0.6964957488690162, "CO2": 0.20599482863803897, "N2": 0.06964958755554095, "O2": 0.027859834937403734}, "Temperature": -50, "Reflux Ratio": 1.5, "Distillato": 35.8910957415754, "Comp iniziale": [0.5, 0.43, 0.05, 0.02], "CompBott": {"CH4": 3.2284720862853004e-07, "CO2": 0.9999996768693293, "N2": 4.8321009065675454e-11, "O2": 2.3514115091472417e-10}, "Q Comp": 126.83157159969812, "W Comp": 175.93078640139342}
{"Q_Condenser": 260.86100128860977, "Q_Reboiler": 211.6267611038527, "Composizioni Finali": {"CH4": 0.6970621729858243, "CO2": 0.20534911781155357, "N2": 0.06970622087620054, "O2": 0.02788248832642169}, "Temperature": -50, "Reflux Ratio": 2.25, "Distillato": 35.86193576958134, "Comp iniziale": [0.5, 0.43, 0.05, 0.02], "CompBott": {"CH4": 9.091261521816118e-08, "CO2": 0.9999999090069112, "N2": 1.387899067172194e-11, "O2": 6.659455221417901e-11}, "Q Comp": 211.6267611038527, "W Comp": 260.86100128860977}
{"Q_Condenser": 345.4019055296159, "Q_Reboiler": 296.0645500650361, "Composizioni Finali": {"CH4": 0.6976613412727297, "CO2": 0.204666068355433, "N2": 0.06976613598886336, "O2": 0.027906454382973945}, "Temperature": -50, "Reflux Ratio": 3.0, "Distillato": 35.83113756356545, "Comp iniziale": [0.5, 0.43, 0.05, 0.02], "CompBott": {"CH4": 4.716335409416857e-08, "CO2": 0.9999999527946315, "N2": 7.295769416956822e-12, "O2": 3.471863135586924e-11}, "Q Comp": 296.0645500650361, "W Comp": 345.4019055296159}
{"Q_Condenser": 171.1767454981401, "Q_Reboiler": 117.39350035217795, "Composizioni Finali": {"CH4": 0.7240436559333954, "CO2": 0.17459019956505878, "N2": 0.07240438904182625, "O2": 0.028961755459719657}, "Temperature": -55, "Reflux Ratio": 1.5, "Distillato": 34.52553150258639, "Comp iniziale": [0.5, 0.43, 0.05, 0.02], "CompBott": {"CH4": 5.240830798685686e-07, "CO2": 0.9999994754570529, "N2": 7.818943132833274e-11, "O2": 3.8167776110147424e-10}, "Q Comp": 117.39350035217795, "W Comp": 171.1767454981401}
{"Q_Condenser": 253.40441197563538, "Q_Reboiler": 199.58047745146183, "Composizioni Finali": {"CH4": 0.7245591742174128, "CO2": 0.17400253378613814, "N2": 0.0724559228808148, "O2": 0.0289823691156343}, "Temperature": -55, "Reflux Ratio": 2.25, "Distillato": 34.5009754388679, "Comp iniziale": [0.5, 0.43, 0.05, 0.02], "CompBott": {"CH4": 1.2173622567173823e-07, "CO2": 0.9999998781561265, "N2": 1.85364952348915e-11, "O2": 8.911151964586421e-11}, "Q Comp": 199.58047745146183, "W Comp": 253.40441197563538}
{"Q_Condenser": 335.1369076341002, "Q_Reboiler": 281.2363501059641, "Composizioni Finali": {"CH4": 0.7250850987456857, "CO2": 0.17340298376806537, "N2": 0.07250851250284789, "O2": 0.029003404983401104}, "Temperature": -55, "Reflux Ratio": 3.0, "Distillato": 34.47595226505927, "Comp iniziale": [0.5, 0.43, 0.05, 0.02], "CompBott": {"CH4": 5.8474378822142434e-08, "CO2": 0.9999999414735818, "N2": 9.02603593055087e-12, "O2": 4.301337641806444e-11}, "Q Comp": 281.2363501059641, "W Comp": 335.1369076341002}
{"Q_Condenser": 166.08470965699365, "Q_Reboiler": 108.13841785557895, "Composizioni Finali": {"CH4": 0.7480671683660856, "CO2": 0.14720336903989048, "N2": 0.0748067591983938, "O2": 0.029922703395629937}, "Temperature": -60, "Reflux Ratio": 1.5, "Distillato": 33.41676662213443, "Comp iniziale": [0.5, 0.43, 0.05, 0.02], "CompBott": {"CH4": 8.551068784963945e-07, "CO2": 0.9999991441432581, "N2": 1.2713409489734722e-10, "O2": 6.227292419354732e-10}, "Q Comp": 108.13841785557895, "W Comp": 166.08470965699365}
{"Q_Condenser": 245.16763708449605, "Q_Reboiler": 187.17271145033257, "Composizioni Finali": {"CH4": 0.7485164041120853, "CO2": 0.14669128802930667, "N2": 0.07485164850929064, "O2": 0.02994065934931743}, "Temperature": -60, "Reflux Ratio": 2.25, "Distillato": 33.396726262844744, "Comp iniziale": [0.5, 0.43, 0.05, 0.02], "CompBott": {"CH4": 1.6317623299515696e-07, "CO2": 0.999999836679633, "N2": 2.4776368112580614e-11, "O2": 1.1935768291748897e-10}, "Q Comp": 187.17271145033257, "W Comp": 245.16763708449605}
{"Q_Condenser": 323.79856356656705, "Q_Reboiler": 265.7209347886773, "Composizioni Finali": {"CH4": 0.7489623818372821, "CO2": 0.14618287968268479, "N2": 0.07489624178881939, "O2": 0.029958496691213733}, "Temperature": -60, "Reflux Ratio": 3.0, "Distillato": 33.376841829549804, "Comp iniziale": [0.5, 0.43, 0.05, 0.02], "CompBott": {"CH4": 7.251398225819859e-08, "CO2": 0.9999999274215541, "N2": 1.1166485337731164e-11, "O2": 5.3297294060316764e-11}, "Q Comp": 265.7209347886773, "W Comp": 323.79856356656705}
